Group,CURL
Group 1,1.01676484520
Group 1,.01676484520
Group 1,1.01676484521
Group 1,.01676484521
Group 1,.01676484522
Group 1,1.01676484523
Group 1,.01676484523
Group 1,1.01676484524
Group 1,.01676484524
Group 1,1.01676484525
Group 2,5.01676484905
Group 2,5.01676484910
Group 2,6.01676484916
Group 2,5.01676484921
Group 2,5.01676484926
Group 2,5.01676484931
Group 2,6.01676484937
Group 2,5.01676484942
Group 2,5.01676484947
Group 2,5.01676484952
