Group,APT
Group 1,2.01676425975
Group 1,1.01676425976
Group 1,2.01676425978
Group 1,1.01676425979
Group 1,41.01676425980
Group 1,2.01676425982
Group 1,1.01676425983
Group 1,1.01676425984
Group 1,2.01676425986
Group 1,1.01676425987
Group 2,11.01676421346
Group 2,11.01676421357
Group 2,51.01676421368
Group 2,11.01676421379
Group 2,11.01676421390
Group 2,11.01676421401
Group 2,11.01676421412
Group 2,50.01676421422
Group 2,11.01676421433
Group 2,11.01676421444
