Group,APT
Group 1,2.01676425989
Group 1,2.01676425991
Group 1,2.01676425993
Group 1,2.01676425995
Group 1,2.01676425997
Group 1,2.01676425999
Group 1,2.01676426001
Group 1,2.01676426003
Group 1,2.01676426005
Group 1,2.01676426007
Group 2,202.01676421566
Group 2,201.01676421687
Group 2,202.01676421809
Group 2,202.01676421931
Group 2,201.01676422052
Group 2,202.01676422174
Group 2,202.01676422296
Group 2,201.01676422417
Group 2,202.01676422539
Group 2,202.01676422661
