Group,APT
Group 1,2.01676426009
Group 1,1.01676426010
Group 1,1.01676426011
Group 1,.01676426011
Group 1,1.01676426012
Group 1,1.01676426013
Group 1,1.01676426014
Group 1,1.01676426015
Group 1,1.01676426016
Group 1,1.01676426017
Group 2,10.01676422671
Group 2,51.01676422682
Group 2,11.01676422693
Group 2,10.01676422703
Group 2,11.01676422714
Group 2,10.01676422724
Group 2,11.01676422735
Group 2,51.01676422746
Group 2,10.01676422756
Group 2,11.01676422767
