Group,media
Group 1,3.2501
Group 1,3.31677
Group 1,3.21677
Group 1,3.41678
Group 1,2.81678
Group 1,3.25011
Group 1,3.21678
Group 1,3.28344
Group 1,3.28345
Group 1,3.38344
Group 2,69.4834
Group 2,-7665.12
Group 2,336.25
Group 2,336.25
Group 2,336.183
Group 2,334.883
Group 2,336.25
Group 2,336.25
Group 2,336.217
Group 2,336.317
