Group,media
Group 1,0.5501
Group 1,0.516775
Group 1,0.516774
Group 1,0.516775
Group 1,0.250113
Group 1,0.450108
Group 1,0.516781
Group 1,0.516777
Group 1,0.483449
Group 1,0.516776
Group 2,35.5501
Group 2,167.517
Group 2,35.5168
Group 2,35.5501
Group 2,168.85
Group 2,35.5168
Group 2,167.517
Group 2,34.1501
Group 2,35.5168
Group 2,35.5501
