Group,media
Group 1,4.93343
Group 1,0.916775
Group 1,0.516774
Group 1,0.583442
Group 1,7.95011
Group 1,0.550108
Group 1,0.550115
Group 1,0.55011
Group 1,0.516782
Group 1,0.516776
Group 2,9.28344
Group 2,9.25011
Group 2,9.28344
Group 2,7.95011
Group 2,9.31677
Group 2,7.91678
Group 2,7.98344
Group 2,9.28345
Group 2,7.95011
