Group,media
Group 1,0.916766
Group 1,0.783441
Group 1,2.05011
Group 1,2.11678
Group 1,17.2501
Group 1,0.783441
Group 1,0.750114
Group 1,0.85011
Group 1,0.850115
Group 1,2.18344
Group 2,15.8834
Group 2,18.6168
Group 2,17.2834
Group 2,17.3168
Group 2,17.2834
Group 2,18.6501
Group 2,17.2834
Group 2,17.3168
Group 2,150.65
Group 2,17.3168
