Group,media
Group 1,4.88343
Group 1,0.816775
Group 1,0.516774
Group 1,0.516775
Group 1,7.88345
Group 1,0.516774
Group 1,1.88345
Group 1,1.81678
Group 1,0.483449
Group 1,1.85011
Group 2,7.91677
Group 2,9.21677
Group 2,142.517
Group 2,142.517
Group 2,7.91677
Group 2,9.25011
Group 2,7.95011
Group 2,9.25012
Group 2,9.21678
