Group,PING
Group 1,8.01676426385
Group 1,7.01676426392
Group 1,7.01676426399
Group 1,4047.01676426406
Group 1,8.01676426414
Group 1,7.01676426421
Group 1,7.01676426428
Group 1,7.01676426435
Group 1,8.01676426443
Group 1,7.01676426450
Group 2,7.01676416571
Group 2,8.01676416579
Group 2,7.01676416586
Group 2,7.01676416593
Group 2,7.01676416600
Group 2,8.01676416608
Group 2,7.01676416615
Group 2,47.01676416622
Group 2,7.01676416629
Group 2,7.01676416636
