Group,WGET
Group 1,1.01676489102
Group 1,.01676489102
Group 1,.01676489103
Group 1,.01676489103
Group 1,1.01676489104
Group 1,1.01676489105
Group 1,.01676489105
Group 1,1.01676489106
Group 1,.01676489106
Group 1,1.01676489107
Group 2,20.01676488662
Group 2,61.01676488683
Group 2,20.01676488703
Group 2,20.01676488723
Group 2,60.01676488743
Group 2,21.01676488764
Group 2,20.01676488784
Group 2,60.01676488804
Group 2,20.01676488824
Group 2,21.01676488845
