Group,WGET
Group 1,.01676489107
Group 1,1.01676489108
Group 1,.01676489108
Group 1,1.01676489109
Group 1,.01676489109
Group 1,1.01676489110
Group 1,.01676489110
Group 1,1.01676489111
Group 1,.01676489111
Group 1,1.01676489112
Group 2,5.01676488850
Group 2,5.01676488855
Group 2,45.01676488860
Group 2,6.01676488866
Group 2,5.01676488871
Group 2,5.01676488876
Group 2,6.01676488882
Group 2,5.01676488887
Group 2,5.01676488892
Group 2,5.01676488897
