Group,media
Group 1,7.15933
Group 1,7.15933
Group 1,7.16633
Group 1,7.15733
Group 1,7.15933
Group 1,7.16433
Group 1,7.16433
Group 1,7.16067
Group 1,7.16067
Group 1,7.15767
Group 2,17.1767
Group 2,17.1797
Group 2,17.1717
Group 2,17.1783
Group 2,17.1737
Group 2,17.172
Group 2,17.178
Group 2,17.171
Group 2,17.1763
Group 2,17.1783
