Group,media
Group 1,0.829667
Group 1,0.803333
Group 1,0.816667
Group 1,0.856667
Group 1,0.804667
Group 1,0.796
Group 1,0.98
Group 1,0.926333
Group 1,0.781
Group 1,0.788333
Group 2,10.4127
Group 2,10.408
Group 2,10.4217
Group 2,10.3997
Group 2,10.3987
Group 2,10.404
Group 2,10.3987
Group 2,10.3957
Group 2,10.3937
Group 2,10.422
