Group,PING
Group 1,7.01677453288
Group 1,7.01677453295
Group 1,48.01677453303
Group 1,7.01677453310
Group 1,7.01677453317
Group 1,7.01677453324
Group 1,8.01677453332
Group 1,7.01677453339
Group 1,7.01677453346
Group 1,7.01677453353
Group 1,47.01677453360
Group 1,8.01677453368
Group 1,7.01677453375
Group 1,7.01677453382
Group 1,7.01677453389
Group 1,8.01677453397
Group 1,7.01677453404
Group 1,7.01677453411
Group 1,7.01677453418
Group 1,48.01677453426
Group 1,7.01677453433
Group 1,7.01677453440
Group 1,7.01677453447
Group 1,8.01677453455
Group 1,7.01677453462
Group 1,7.01677453469
Group 1,7.01677453476
Group 1,48.01677453484
Group 1,7.01677453491
Group 1,7.01677453498
Group 2,18.01677459571
Group 2,18.01677459589
Group 2,4058.01677459607
Group 2,19.01677459626
Group 2,18.01677459644
Group 2,58.01677459662
Group 2,18.01677459680
Group 2,19.01677459699
Group 2,18.01677459717
Group 2,58.01677459735
Group 2,18.01677459753
Group 2,18.01677459771
Group 2,59.01677459790
Group 2,18.01677459808
Group 2,18.01677459826
Group 2,58.01677459844
Group 2,19.01677459863
Group 2,18.01677459881
Group 2,18.01677459899
Group 2,58.01677459917
Group 2,19.01677459936
Group 2,18.01677459954
Group 2,58.01677459972
Group 2,18.01677459990
Group 2,19.01677460009
Group 2,58.01677460027
Group 2,18.01677460045
Group 2,18.01677460063
Group 2,58.01677460081
Group 2,19.01677460100
