Group,media
Group 1,1.5425
Group 1,1.62673
Group 1,1.60383
Group 1,1.62517
Group 1,1.5257
Group 1,1.69003
Group 1,1.60157
Group 1,1.52497
Group 1,1.54467
Group 1,1.59287
Group 2,21.1753
Group 2,21.1511
Group 2,21.2002
Group 2,21.1992
Group 2,21.1454
Group 2,21.153
Group 2,21.1489
Group 2,21.1483
Group 2,21.139
Group 2,21.1842
