Group,media
Group 1,0.290967
Group 1,0.2897
Group 1,0.3083
Group 1,0.3141
Group 1,0.2848
Group 1,0.292133
Group 1,0.329867
Group 1,0.289933
Group 1,0.283267
Group 1,0.688767
Group 2,20.0353
Group 2,20.036
Group 2,20.0362
Group 2,20.0373
Group 2,20.0338
Group 2,20.0362
Group 2,20.0347
Group 2,20.0347
Group 2,20.0372
Group 2,20.0356
