Group,media
Group 1,0.295567
Group 1,0.303733
Group 1,0.317833
Group 1,0.527533
Group 1,0.3013
Group 1,0.3093
Group 1,0.332867
Group 1,0.304433
Group 1,0.300267
Group 1,0.304367
Group 2,20.6246
Group 2,20.6343
Group 2,20.6275
Group 2,20.6259
Group 2,20.6185
Group 2,20.6292
Group 2,20.6245
Group 2,20.6101
Group 2,20.6145
Group 2,20.6259
