Group,media
Group 1,0.516766
Group 1,0.516775
Group 1,135.183
Group 1,1.85011
Group 1,7.91678
Group 1,0.516774
Group 1,0.516781
Group 1,0.483444
Group 1,0.483449
Group 1,0.516776
Group 2,9.2501
Group 2,9.21677
Group 2,7.88344
Group 2,7.91678
Group 2,7.85011
Group 2,7.85011
Group 2,9.21678
Group 2,9.21678
Group 2,7.88345
Group 2,7.91678
